-- Inserción de clientes de prueba

INSERT INTO CUSTOMER (ID, FIRST_NAME, LAST_NAME, JOIN_DATE, PHONE_NUMBER)
VALUES (1, 'Cristóbal', 'Gajardo Vera', TO_TIMESTAMP('03/08/2020 13:45', 'dd/MM/yyyy hh24:mi'), '+56967508137');
INSERT INTO CUSTOMER (ID, FIRST_NAME, LAST_NAME, JOIN_DATE, PHONE_NUMBER)
VALUES (2, 'Soledad', 'Castro Ejivaja', TO_TIMESTAMP('03/08/2020 13:45', 'dd/MM/yyyy hh24:mi'), '+56950395412');
INSERT INTO CUSTOMER (ID, FIRST_NAME, LAST_NAME, JOIN_DATE, PHONE_NUMBER)
VALUES (3, 'Esteban', 'Piro', TO_TIMESTAMP('03/08/2020 13:45', 'dd/MM/yyyy hh24:mi'), '+5698712345');
INSERT INTO CUSTOMER (ID, FIRST_NAME, LAST_NAME, JOIN_DATE, PHONE_NUMBER)
VALUES (4, 'Valeria', 'Lira', TO_TIMESTAMP('03/08/2020 13:45', 'dd/MM/yyyy hh24:mi'), '+5687659483');
INSERT INTO CUSTOMER (ID, FIRST_NAME, LAST_NAME, JOIN_DATE, PHONE_NUMBER)
VALUES (5, 'Fernando', 'Hernández', TO_TIMESTAMP('03/08/2020 13:45', 'dd/MM/yyyy hh24:mi'), '+5697906958');

-- Inserción de empleados de prueba

INSERT INTO EMPLOYEE (ID, FIRST_NAME, LAST_NAME, JOIN_DATE, PHONE_NUMBER)
VALUES (1, 'César', 'Bertuline', TO_TIMESTAMP('03/08/2020 13:45', 'dd/MM/yyyy hh24:mi'), '+56971402734');
INSERT INTO EMPLOYEE (ID, FIRST_NAME, LAST_NAME, JOIN_DATE, PHONE_NUMBER)
VALUES (2, 'Skandar', 'Soler', TO_TIMESTAMP('03/08/2020 13:45', 'dd/MM/yyyy hh24:mi'), '+56954203472');
INSERT INTO EMPLOYEE (ID, FIRST_NAME, LAST_NAME, JOIN_DATE, PHONE_NUMBER)
VALUES (3, 'Daniela', 'Corcuera', TO_TIMESTAMP('03/08/2020 13:45', 'dd/MM/yyyy hh24:mi'), '+56984739238');
INSERT INTO EMPLOYEE (ID, FIRST_NAME, LAST_NAME, JOIN_DATE, PHONE_NUMBER)
VALUES (4, 'Martín', 'Ríos', TO_TIMESTAMP('03/08/2020 13:45', 'dd/MM/yyyy hh24:mi'), '+56987960594');
INSERT INTO EMPLOYEE (ID, FIRST_NAME, LAST_NAME, JOIN_DATE, PHONE_NUMBER)
VALUES (5, 'Paolo', 'Rivas', TO_TIMESTAMP('03/08/2020 13:45', 'dd/MM/yyyy hh24:mi'), '+56975648372');

-- Inserción de credenciales

---- Customer

INSERT INTO CREDENTIAL (ID, ACTIVE, EMAIL, PASSWORD, ROLES, CUSTOMER_ID)
VALUES (1, 1, 'cristobalgajardo.v@gmail.com', '$2a$10$CCBEes6S6ZeJoEncvsqveuzo6rCdOhyevhE5Bi9cC/mcMyeuVjzcK', 'ROLE_CUSTOMER', 1);
INSERT INTO CREDENTIAL (ID, ACTIVE, EMAIL, PASSWORD, ROLES, CUSTOMER_ID)
VALUES (2, 1, 'soledad.castro.ejivaja@gmail.com', '$2a$10$CCBEes6S6ZeJoEncvsqveuzo6rCdOhyevhE5Bi9cC/mcMyeuVjzcK', 'ROLE_CUSTOMER', 2);
INSERT INTO CREDENTIAL (ID, ACTIVE, EMAIL, PASSWORD, ROLES, CUSTOMER_ID)
VALUES (3, 1, 'esteban.piro@adalid.cl', '$2a$10$CCBEes6S6ZeJoEncvsqveuzo6rCdOhyevhE5Bi9cC/mcMyeuVjzcK', 'ROLE_CUSTOMER', 3);
INSERT INTO CREDENTIAL (ID, ACTIVE, EMAIL, PASSWORD, ROLES, CUSTOMER_ID)
VALUES (4, 1, 'valeria.lira@gmail.com', '$2a$10$CCBEes6S6ZeJoEncvsqveuzo6rCdOhyevhE5Bi9cC/mcMyeuVjzcK', 'ROLE_CUSTOMER', 4);
INSERT INTO CREDENTIAL (ID, ACTIVE, EMAIL, PASSWORD, ROLES, CUSTOMER_ID)
VALUES (5, 1, 'fernando.hernandez@fullstack.cl', '$2a$10$CCBEes6S6ZeJoEncvsqveuzo6rCdOhyevhE5Bi9cC/mcMyeuVjzcK', 'ROLE_CUSTOMER', 5);

---- Employee

INSERT INTO CREDENTIAL (ID, ACTIVE, EMAIL, PASSWORD, ROLES, EMPLOYEE_ID)
VALUES (6, 1, 'cbertuline@gmail.com', '$2a$10$LUiYgZRhuhv.xHHsuWkLnOtmwhp8bSYRI9tVuoO5Kn0nvAHHya7D.', 'ROLE_EMPLOYEE', 1);
INSERT INTO CREDENTIAL (ID, ACTIVE, EMAIL, PASSWORD, ROLES, EMPLOYEE_ID)
VALUES (7, 1, 'skasoler@gmail.com', '$2a$10$LUiYgZRhuhv.xHHsuWkLnOtmwhp8bSYRI9tVuoO5Kn0nvAHHya7D.', 'ROLE_EMPLOYEE', 2);
INSERT INTO CREDENTIAL (ID, ACTIVE, EMAIL, PASSWORD, ROLES, EMPLOYEE_ID)
VALUES (8, 1, 'daniela.corcuera@youtube.com', '$2a$10$LUiYgZRhuhv.xHHsuWkLnOtmwhp8bSYRI9tVuoO5Kn0nvAHHya7D.', 'ROLE_EMPLOYEE', 3);
INSERT INTO CREDENTIAL (ID, ACTIVE, EMAIL, PASSWORD, ROLES, EMPLOYEE_ID)
VALUES (9, 1, 'martin.rios@live.cl', '$2a$10$LUiYgZRhuhv.xHHsuWkLnOtmwhp8bSYRI9tVuoO5Kn0nvAHHya7D.', 'ROLE_EMPLOYEE', 4);
INSERT INTO CREDENTIAL (ID, ACTIVE, EMAIL, PASSWORD, ROLES, EMPLOYEE_ID)
VALUES (10, 1, 'paolo.rivas@outlook.com', '$2a$10$LUiYgZRhuhv.xHHsuWkLnOtmwhp8bSYRI9tVuoO5Kn0nvAHHya7D.', 'ROLE_EMPLOYEE', 5);

-- Inserción de direcciones de clientes

INSERT INTO ADDRESS (ID, COUNTRY, CITY, STREET, ADDRESS_NUMBER, CUSTOMER_ID)
VALUES (1, 'Chile', 'Temuco', 'Olimpia', 0718, 1);
INSERT INTO ADDRESS (ID, COUNTRY, CITY, STREET, ADDRESS_NUMBER, "BLOCK", CUSTOMER_ID)
VALUES (2, 'Chile', 'Temuco', 'Caupolicán', 1918, 'B', 2);
INSERT INTO ADDRESS (ID, COUNTRY, CITY, STREET, ADDRESS_NUMBER, "BLOCK", CUSTOMER_ID)
VALUES (3, 'Chile', 'Rancagua', 'León Gallo', 0641, '3', 3);
INSERT INTO ADDRESS (ID, COUNTRY, CITY, STREET, ADDRESS_NUMBER, CUSTOMER_ID)
VALUES (4, 'Chile', 'Cañete', 'Anibal Pinto', 32, 4);
INSERT INTO ADDRESS (ID, COUNTRY, CITY, STREET, ADDRESS_NUMBER, CUSTOMER_ID)
VALUES (5, 'Chile', 'Angol', 'Ginebra', 8932, 5);
INSERT INTO ADDRESS (ID, COUNTRY, CITY, STREET, ADDRESS_NUMBER, CUSTOMER_ID)
VALUES (6, 'Chile', 'Victoria', 'Altamira', 123, 5);

-- Creación de visitas

INSERT INTO VISIT (ID, READY, CUSTOMER_ID, ADDRESS_ID, EMPLOYEE_ID, CREATED_DATE, CREATED_BY_ID, SCHEDULING_DATE)
VALUES (1, 0, 3, 3, 1, TO_TIMESTAMP('03/08/2020 18:30', 'dd/MM/yyyy hh24:mi'), 1,
        TO_TIMESTAMP('03/08/2020 18:30', 'dd/MM/yyyy hh24:mi'));
INSERT INTO VISIT (ID, READY, CUSTOMER_ID, ADDRESS_ID, EMPLOYEE_ID, CREATED_DATE, CREATED_BY_ID, SCHEDULING_DATE,
                   LAST_MODIFIED_DATE, LAST_MODIFIED_BY_ID, FINISH_DATE)
VALUES (2, 1, 1, 1, 2, TO_TIMESTAMP('02/05/2020 08:20', 'dd/MM/yyyy hh24:mi'), 2,
        TO_TIMESTAMP('03/08/2020 18:30', 'dd/MM/yyyy hh24:mi'), TO_TIMESTAMP('03/08/2020 18:30', 'dd/MM/yyyy hh24:mi'),
        2, TO_TIMESTAMP('03/08/2020 18:30', 'dd/MM/yyyy hh24:mi'));
INSERT INTO VISIT (ID, READY, CUSTOMER_ID, ADDRESS_ID, EMPLOYEE_ID, CREATED_DATE, CREATED_BY_ID, SCHEDULING_DATE)
VALUES (3, 0, 4, 4, 2, TO_TIMESTAMP('03/08/2020 20:14', 'dd/MM/yyyy hh24:mi'), 2,
        TO_TIMESTAMP('03/08/2020 18:30', 'dd/MM/yyyy hh24:mi'));
INSERT INTO VISIT (ID, READY, CUSTOMER_ID, ADDRESS_ID, EMPLOYEE_ID, CREATED_DATE, CREATED_BY_ID, SCHEDULING_DATE,
                   LAST_MODIFIED_DATE, LAST_MODIFIED_BY_ID, FINISH_DATE)
VALUES (4, 1, 5, 6, 4, TO_TIMESTAMP('01/07/2020 13:50', 'dd/MM/yyyy hh24:mi'), 4,
        TO_TIMESTAMP('03/08/2020 18:30', 'dd/MM/yyyy hh24:mi'), TO_TIMESTAMP('03/08/2020 18:30', 'dd/MM/yyyy hh24:mi'),
        4, TO_TIMESTAMP('03/08/2020 18:30', 'dd/MM/yyyy hh24:mi'));
INSERT INTO VISIT (ID, READY, CUSTOMER_ID, ADDRESS_ID, EMPLOYEE_ID, CREATED_DATE, CREATED_BY_ID, SCHEDULING_DATE)
VALUES (5, 0, 2, 2, 3, TO_TIMESTAMP('03/08/2020 15:10', 'dd/MM/yyyy hh24:mi'), 3,
        TO_TIMESTAMP('03/08/2020 18:30', 'dd/MM/yyyy hh24:mi'));

-- Creación de actividades

INSERT INTO ACTIVITY (ID, CREATED_DATE, LAST_MODIFIED_DATE, DESCRIPTION, READY, READY_DATE, SCHEDULING_DATE,
                      CREATED_BY_ID, LAST_MODIFIED_BY_ID, VISIT_ID)
VALUES (1, TO_TIMESTAMP('03/08/2020 18:30', 'dd/MM/yyyy hh24:mi'),
        TO_TIMESTAMP('03/08/2020 18:30', 'dd/MM/yyyy hh24:mi'), 'Do stuffs', 1,
        TO_TIMESTAMP('03/08/2020 18:30', 'dd/MM/yyyy hh24:mi'), TO_TIMESTAMP('03/08/2020 18:30', 'dd/MM/yyyy hh24:mi'),
        1, 1, 1);
INSERT INTO ACTIVITY (ID, CREATED_DATE, DESCRIPTION, READY, READY_DATE, SCHEDULING_DATE,
                      CREATED_BY_ID, VISIT_ID)
VALUES (2, TO_TIMESTAMP('03/08/2020 18:30', 'dd/MM/yyyy hh24:mi'), 'Do stuffs', 0,
        TO_TIMESTAMP('03/08/2020 18:30', 'dd/MM/yyyy hh24:mi'), TO_TIMESTAMP('03/08/2020 18:30', 'dd/MM/yyyy hh24:mi'),
        2, 1);

-- Inserción de visitas solicitadas y realizadas

---- Creación de resúmenes

INSERT INTO SUMMARY (ID, DESCRIPTION, RATING, CREATED_DATE, CREATED_BY_ID, VISIT_ID)
VALUES (1, 'Visita pendiente', -1, TO_TIMESTAMP('03/08/2020 13:45', 'dd/MM/yyyy hh24:mi'), 1, 1);
INSERT INTO SUMMARY (ID, DESCRIPTION, RATING, CREATED_DATE, CREATED_BY_ID, VISIT_ID, LAST_MODIFIED_DATE,
                     LAST_MODIFIED_BY_ID)
VALUES (2, 'Visita exitosa donde fueron vistos los puntos mencionados en el informe a cabalidad y de manera correcta',
        8, TO_TIMESTAMP('02/05/2020 13:45', 'dd/MM/yyyy hh24:mi'), 2, 2,
        TO_TIMESTAMP('03/08/2020 13:45', 'dd/MM/yyyy hh24:mi'), 2);
INSERT INTO SUMMARY (ID, DESCRIPTION, RATING, CREATED_DATE, CREATED_BY_ID, VISIT_ID)
VALUES (3, 'Visita pendiente', -1, TO_TIMESTAMP('03/08/2020 13:45', 'dd/MM/yyyy hh24:mi'), 3, 3);
INSERT INTO SUMMARY (ID, DESCRIPTION, RATING, CREATED_DATE, CREATED_BY_ID, VISIT_ID, LAST_MODIFIED_DATE,
                     LAST_MODIFIED_BY_ID)
VALUES (4, 'Visita concluida con problemas por tal y tal motivo', 3,
        TO_TIMESTAMP('01/07/2020 13:45', 'dd/MM/yyyy hh24:mi'), 4, 4,
        TO_TIMESTAMP('03/08/2020 13:45', 'dd/MM/yyyy hh24:mi'), 4);
INSERT INTO SUMMARY (ID, DESCRIPTION, RATING, CREATED_DATE, CREATED_BY_ID, VISIT_ID)
VALUES (5, 'Visita pendiente', -1, TO_TIMESTAMP('03/08/2020 13:45', 'dd/MM/yyyy hh24:mi'), 5, 5);

-- Creación de cobros

INSERT INTO PAYMENT (ID, PAY_DAY, AMOUNT, READY, CREATED_DATE, CREATED_BY_ID, VISIT_ID)
VALUES (1, TO_TIMESTAMP('03/08/2020 13:45', 'dd/MM/yyyy hh24:mi'), 180000, 0,
        TO_TIMESTAMP('03/08/2020 13:45', 'dd/MM/yyyy hh24:mi'), 1, 1);
INSERT INTO PAYMENT (ID, PAY_DAY, AMOUNT, READY, CREATED_DATE, CREATED_BY_ID, VISIT_ID, LAST_MODIFIED_DATE,
                     LAST_MODIFIED_BY_ID)
VALUES (2, TO_TIMESTAMP('02/05/2020 13:45', 'dd/MM/yyyy hh24:mi'), 200000, 1,
        TO_TIMESTAMP('03/08/2020 13:45', 'dd/MM/yyyy hh24:mi'), 2, 2,
        TO_TIMESTAMP('03/08/2020 13:45', 'dd/MM/yyyy hh24:mi'), 2);
INSERT INTO PAYMENT (ID, PAY_DAY, AMOUNT, READY, CREATED_DATE, CREATED_BY_ID, VISIT_ID)
VALUES (3, TO_TIMESTAMP('03/08/2020 13:45', 'dd/MM/yyyy hh24:mi'), 120000, 0,
        TO_TIMESTAMP('03/08/2020 13:45', 'dd/MM/yyyy hh24:mi'), 3, 3);
INSERT INTO PAYMENT (ID, PAY_DAY, AMOUNT, READY, CREATED_DATE, CREATED_BY_ID, VISIT_ID, LAST_MODIFIED_DATE,
                     LAST_MODIFIED_BY_ID)
VALUES (4, TO_TIMESTAMP('01/07/2020 13:45', 'dd/MM/yyyy hh24:mi'), 100000, 1,
        TO_TIMESTAMP('03/08/2020 13:45', 'dd/MM/yyyy hh24:mi'), 4, 4,
        TO_TIMESTAMP('03/08/2020 13:45', 'dd/MM/yyyy hh24:mi'), 4);
INSERT INTO PAYMENT (ID, PAY_DAY, AMOUNT, READY, CREATED_DATE, CREATED_BY_ID, VISIT_ID)
VALUES (5, TO_TIMESTAMP('03/08/2020 13:45', 'dd/MM/yyyy hh24:mi'), 250000, 0,
        TO_TIMESTAMP('03/08/2020 13:45', 'dd/MM/yyyy hh24:mi'), 4, 5);

ALTER SEQUENCE HIBERNATE_SEQUENCE INCREMENT BY 100;
SELECT HIBERNATE_SEQUENCE.nextval FROM dual;
ALTER SEQUENCE HIBERNATE_SEQUENCE INCREMENT BY 1;
